"Entity DCID","Entity properties isoCode","Entity properties name","Variable DCID","Variable observation date","Variable observation metadata importName","Variable observation metadata provenanceUrl","Variable observation metadata scalingFactor","Variable observation metadata unit","Variable observation metadata unitDisplayName","Variable observation value","Variable properties name"
"geoId/02110","","Juneau City and Borough","Count_Person_InLaborForce","1990-01","BLS_LAUS","https://www.bls.gov/lau/","","","",14250,"Population in the Labor Force"
"geoId/02110","","Juneau City and Borough","Count_Person_InLaborForce","1990-02","BLS_LAUS","https://www.bls.gov/lau/","","","",14243,"Population in the Labor Force"
"geoId/02110","","Juneau City and Borough","Count_Person_InLaborForce","1990-03","BLS_LAUS","https://www.bls.gov/lau/","","","",14488,"Population in the Labor Force"
"geoId/02110","","Juneau City and Borough","Count_Person_InLaborForce","1990-04","BLS_LAUS","https://www.bls.gov/lau/","","","",14866,"Population in the Labor Force"
"geoId/02110","","Juneau City and Borough","Count_Person_InLaborForce","1990-05","BLS_LAUS","https://www.bls.gov/lau/","","","",15194,"Population in the Labor Force"
"geoId/02110","","Juneau City and Borough","Count_Person_InLaborForce","1990-06","BLS_LAUS","https://www.bls.gov/lau/","","","",15659,"Population in the Labor Force"
"geoId/02110","","Juneau City and Borough","Count_Person_InLaborForce","1990-07","BLS_LAUS","https://www.bls.gov/lau/","","","",16398,"Population in the Labor Force"
"geoId/02110","","Juneau City and Borough","Count_Person_InLaborForce","1990-08","BLS_LAUS","https://www.bls.gov/lau/","","","",16563,"Population in the Labor Force"
"geoId/02110","","Juneau City and Borough","Count_Person_InLaborForce","1990-09","BLS_LAUS","https://www.bls.gov/lau/","","","",16126,"Population in the Labor Force"
"geoId/02110","","Juneau City and Borough","Count_Person_InLaborForce","1990-10","BLS_LAUS","https://www.bls.gov/lau/","","","",15173,"Population in the Labor Force"
"geoId/02110","","Juneau City and Borough","Count_Person_InLaborForce","1990-11","BLS_LAUS","https://www.bls.gov/lau/","","","",14917,"Population in the Labor Force"
"geoId/02110","","Juneau City and Borough","Count_Person_InLaborForce","1990-12","BLS_LAUS","https://www.bls.gov/lau/","","","",14538,"Population in the Labor Force"
"geoId/02110","","Juneau City and Borough","Count_Person_InLaborForce","1991-01","BLS_LAUS","https://www.bls.gov/lau/","","","",14286,"Population in the Labor Force"
"geoId/02110","","Juneau City and Borough","Count_Person_InLaborForce","1991-02","BLS_LAUS","https://www.bls.gov/lau/","","","",14447,"Population in the Labor Force"
"geoId/02110","","Juneau City and Borough","Count_Person_InLaborForce","1991-03","BLS_LAUS","https://www.bls.gov/lau/","","","",14688,"Population in the Labor Force"
"geoId/02110","","Juneau City and Borough","Count_Person_InLaborForce","1991-04","BLS_LAUS","https://www.bls.gov/lau/","","","",15032,"Population in the Labor Force"
"geoId/02110","","Juneau City and Borough","Count_Person_InLaborForce","1991-05","BLS_LAUS","https://www.bls.gov/lau/","","","",15461,"Population in the Labor Force"
"geoId/02110","","Juneau City and Borough","Count_Person_InLaborForce","1991-06","BLS_LAUS","https://www.bls.gov/lau/","","","",15712,"Population in the Labor Force"
"geoId/02110","","Juneau City and Borough","Count_Person_InLaborForce","1991-07","BLS_LAUS","https://www.bls.gov/lau/","","","",16566,"Population in the Labor Force"
"geoId/02110","","Juneau City and Borough","Count_Person_InLaborForce","1991-08","BLS_LAUS","https://www.bls.gov/lau/","","","",16778,"Population in the Labor Force"
"geoId/02110","","Juneau City and Borough","Count_Person_InLaborForce","1991-09","BLS_LAUS","https://www.bls.gov/lau/","","","",16505,"Population in the Labor Force"
"geoId/02110","","Juneau City and Borough","Count_Person_InLaborForce","1991-10","BLS_LAUS","https://www.bls.gov/lau/","","","",15414,"Population in the Labor Force"
"geoId/02110","","Juneau City and Borough","Count_Person_InLaborForce","1991-11","BLS_LAUS","https://www.bls.gov/lau/","","","",15060,"Population in the Labor Force"
"geoId/02110","","Juneau City and Borough","Count_Person_InLaborForce","1991-12","BLS_LAUS","https://www.bls.gov/lau/","","","",14882,"Population in the Labor Force"
"geoId/02110","","Juneau City and Borough","Count_Person_InLaborForce","1992-01","BLS_LAUS","https://www.bls.gov/lau/","","","",14699,"Population in the Labor Force"
"geoId/02110","","Juneau City and Borough","Count_Person_InLaborForce","1992-02","BLS_LAUS","https://www.bls.gov/lau/","","","",14627,"Population in the Labor Force"
"geoId/02110","","Juneau City and Borough","Count_Person_InLaborForce","1992-03","BLS_LAUS","https://www.bls.gov/lau/","","","",14976,"Population in the Labor Force"
"geoId/02110","","Juneau City and Borough","Count_Person_InLaborForce","1992-04","BLS_LAUS","https://www.bls.gov/lau/","","","",15342,"Population in the Labor Force"
"geoId/02110","","Juneau City and Borough","Count_Person_InLaborForce","1992-05","BLS_LAUS","https://www.bls.gov/lau/","","","",16016,"Population in the Labor Force"
"geoId/02110","","Juneau City and Borough","Count_Person_InLaborForce","1992-06","BLS_LAUS","https://www.bls.gov/lau/","","","",16459,"Population in the Labor Force"
"geoId/02110","","Juneau City and Borough","Count_Person_InLaborForce","1992-07","BLS_LAUS","https://www.bls.gov/lau/","","","",17425,"Population in the Labor Force"
"geoId/02110","","Juneau City and Borough","Count_Person_InLaborForce","1992-08","BLS_LAUS","https://www.bls.gov/lau/","","","",17631,"Population in the Labor Force"
"geoId/02110","","Juneau City and Borough","Count_Person_InLaborForce","1992-09","BLS_LAUS","https://www.bls.gov/lau/","","","",17249,"Population in the Labor Force"
"geoId/02110","","Juneau City and Borough","Count_Person_InLaborForce","1992-10","BLS_LAUS","https://www.bls.gov/lau/","","","",16395,"Population in the Labor Force"
"geoId/02110","","Juneau City and Borough","Count_Person_InLaborForce","1992-11","BLS_LAUS","https://www.bls.gov/lau/","","","",16046,"Population in the Labor Force"
"geoId/02110","","Juneau City and Borough","Count_Person_InLaborForce","1992-12","BLS_LAUS","https://www.bls.gov/lau/","","","",15835,"Population in the Labor Force"
"geoId/02110","","Juneau City and Borough","Count_Person_InLaborForce","1993-01","BLS_LAUS","https://www.bls.gov/lau/","","","",14895,"Population in the Labor Force"
"geoId/02110","","Juneau City and Borough","Count_Person_InLaborForce","1993-02","BLS_LAUS","https://www.bls.gov/lau/","","","",15039,"Population in the Labor Force"
"geoId/02110","","Juneau City and Borough","Count_Person_InLaborForce","1993-03","BLS_LAUS","https://www.bls.gov/lau/","","","",15421,"Population in the Labor Force"
"geoId/02110","","Juneau City and Borough","Count_Person_InLaborForce","1993-04","BLS_LAUS","https://www.bls.gov/lau/","","","",15634,"Population in the Labor Force"
"geoId/02110","","Juneau City and Borough","Count_Person_InLaborForce","1993-05","BLS_LAUS","https://www.bls.gov/lau/","","","",16117,"Population in the Labor Force"
"geoId/02110","","Juneau City and Borough","Count_Person_InLaborForce","1993-06","BLS_LAUS","https://www.bls.gov/lau/","","","",16808,"Population in the Labor Force"
"geoId/02110","","Juneau City and Borough","Count_Person_InLaborForce","1993-07","BLS_LAUS","https://www.bls.gov/lau/","","","",17522,"Population in the Labor Force"
"geoId/02110","","Juneau City and Borough","Count_Person_InLaborForce","1993-08","BLS_LAUS","https://www.bls.gov/lau/","","","",17592,"Population in the Labor Force"
"geoId/02110","","Juneau City and Borough","Count_Person_InLaborForce","1993-09","BLS_LAUS","https://www.bls.gov/lau/","","","",17296,"Population in the Labor Force"
"geoId/02110","","Juneau City and Borough","Count_Person_InLaborForce","1993-10","BLS_LAUS","https://www.bls.gov/lau/","","","",16517,"Population in the Labor Force"
"geoId/02110","","Juneau City and Borough","Count_Person_InLaborForce","1993-11","BLS_LAUS","https://www.bls.gov/lau/","","","",15684,"Population in the Labor Force"
"geoId/02110","","Juneau City and Borough","Count_Person_InLaborForce","1993-12","BLS_LAUS","https://www.bls.gov/lau/","","","",15343,"Population in the Labor Force"
"geoId/02110","","Juneau City and Borough","Count_Person_InLaborForce","1994-01","BLS_LAUS","https://www.bls.gov/lau/","","","",15030,"Population in the Labor Force"
"geoId/02110","","Juneau City and Borough","Count_Person_InLaborForce","1994-02","BLS_LAUS","https://www.bls.gov/lau/","","","",15028,"Population in the Labor Force"
"geoId/02110","","Juneau City and Borough","Count_Person_InLaborForce","1994-03","BLS_LAUS","https://www.bls.gov/lau/","","","",15236,"Population in the Labor Force"
"geoId/02110","","Juneau City and Borough","Count_Person_InLaborForce","1994-04","BLS_LAUS","https://www.bls.gov/lau/","","","",15666,"Population in the Labor Force"
"geoId/02110","","Juneau City and Borough","Count_Person_InLaborForce","1994-05","BLS_LAUS","https://www.bls.gov/lau/","","","",16553,"Population in the Labor Force"
"geoId/02110","","Juneau City and Borough","Count_Person_InLaborForce","1994-06","BLS_LAUS","https://www.bls.gov/lau/","","","",17042,"Population in the Labor Force"
"geoId/02110","","Juneau City and Borough","Count_Person_InLaborForce","1994-07","BLS_LAUS","https://www.bls.gov/lau/","","","",17462,"Population in the Labor Force"
"geoId/02110","","Juneau City and Borough","Count_Person_InLaborForce","1994-08","BLS_LAUS","https://www.bls.gov/lau/","","","",17672,"Population in the Labor Force"
"geoId/02110","","Juneau City and Borough","Count_Person_InLaborForce","1994-09","BLS_LAUS","https://www.bls.gov/lau/","","","",17039,"Population in the Labor Force"
"geoId/02110","","Juneau City and Borough","Count_Person_InLaborForce","1994-10","BLS_LAUS","https://www.bls.gov/lau/","","","",16169,"Population in the Labor Force"
"geoId/02110","","Juneau City and Borough","Count_Person_InLaborForce","1994-11","BLS_LAUS","https://www.bls.gov/lau/","","","",15812,"Population in the Labor Force"
"geoId/02110","","Juneau City and Borough","Count_Person_InLaborForce","1994-12","BLS_LAUS","https://www.bls.gov/lau/","","","",15390,"Population in the Labor Force"
"geoId/02110","","Juneau City and Borough","Count_Person_InLaborForce","1995-01","BLS_LAUS","https://www.bls.gov/lau/","","","",15304,"Population in the Labor Force"
"geoId/02110","","Juneau City and Borough","Count_Person_InLaborForce","1995-02","BLS_LAUS","https://www.bls.gov/lau/","","","",15247,"Population in the Labor Force"
"geoId/02110","","Juneau City and Borough","Count_Person_InLaborForce","1995-03","BLS_LAUS","https://www.bls.gov/lau/","","","",15572,"Population in the Labor Force"
"geoId/02110","","Juneau City and Borough","Count_Person_InLaborForce","1995-04","BLS_LAUS","https://www.bls.gov/lau/","","","",16416,"Population in the Labor Force"
"geoId/02110","","Juneau City and Borough","Count_Person_InLaborForce","1995-05","BLS_LAUS","https://www.bls.gov/lau/","","","",16983,"Population in the Labor Force"
"geoId/02110","","Juneau City and Borough","Count_Person_InLaborForce","1995-06","BLS_LAUS","https://www.bls.gov/lau/","","","",17120,"Population in the Labor Force"
"geoId/02110","","Juneau City and Borough","Count_Person_InLaborForce","1995-07","BLS_LAUS","https://www.bls.gov/lau/","","","",18209,"Population in the Labor Force"
"geoId/02110","","Juneau City and Borough","Count_Person_InLaborForce","1995-08","BLS_LAUS","https://www.bls.gov/lau/","","","",18210,"Population in the Labor Force"
"geoId/02110","","Juneau City and Borough","Count_Person_InLaborForce","1995-09","BLS_LAUS","https://www.bls.gov/lau/","","","",17645,"Population in the Labor Force"
"geoId/02110","","Juneau City and Borough","Count_Person_InLaborForce","1995-10","BLS_LAUS","https://www.bls.gov/lau/","","","",16770,"Population in the Labor Force"
"geoId/02110","","Juneau City and Borough","Count_Person_InLaborForce","1995-11","BLS_LAUS","https://www.bls.gov/lau/","","","",16432,"Population in the Labor Force"
"geoId/02110","","Juneau City and Borough","Count_Person_InLaborForce","1995-12","BLS_LAUS","https://www.bls.gov/lau/","","","",16027,"Population in the Labor Force"
"geoId/02110","","Juneau City and Borough","Count_Person_InLaborForce","1996-01","BLS_LAUS","https://www.bls.gov/lau/","","","",15828,"Population in the Labor Force"
"geoId/02110","","Juneau City and Borough","Count_Person_InLaborForce","1996-02","BLS_LAUS","https://www.bls.gov/lau/","","","",15949,"Population in the Labor Force"
"geoId/02110","","Juneau City and Borough","Count_Person_InLaborForce","1996-03","BLS_LAUS","https://www.bls.gov/lau/","","","",16249,"Population in the Labor Force"
"geoId/02110","","Juneau City and Borough","Count_Person_InLaborForce","1996-04","BLS_LAUS","https://www.bls.gov/lau/","","","",16645,"Population in the Labor Force"
"geoId/02110","","Juneau City and Borough","Count_Person_InLaborForce","1996-05","BLS_LAUS","https://www.bls.gov/lau/","","","",17229,"Population in the Labor Force"
"geoId/02110","","Juneau City and Borough","Count_Person_InLaborForce","1996-06","BLS_LAUS","https://www.bls.gov/lau/","","","",17526,"Population in the Labor Force"
"geoId/02110","","Juneau City and Borough","Count_Person_InLaborForce","1996-07","BLS_LAUS","https://www.bls.gov/lau/","","","",18609,"Population in the Labor Force"
"geoId/02110","","Juneau City and Borough","Count_Person_InLaborForce","1996-08","BLS_LAUS","https://www.bls.gov/lau/","","","",18567,"Population in the Labor Force"
"geoId/02110","","Juneau City and Borough","Count_Person_InLaborForce","1996-09","BLS_LAUS","https://www.bls.gov/lau/","","","",17856,"Population in the Labor Force"
"geoId/02110","","Juneau City and Borough","Count_Person_InLaborForce","1996-10","BLS_LAUS","https://www.bls.gov/lau/","","","",17041,"Population in the Labor Force"
"geoId/02110","","Juneau City and Borough","Count_Person_InLaborForce","1996-11","BLS_LAUS","https://www.bls.gov/lau/","","","",16495,"Population in the Labor Force"
"geoId/02110","","Juneau City and Borough","Count_Person_InLaborForce","1996-12","BLS_LAUS","https://www.bls.gov/lau/","","","",16321,"Population in the Labor Force"
"geoId/02110","","Juneau City and Borough","Count_Person_InLaborForce","1997-01","BLS_LAUS","https://www.bls.gov/lau/","","","",16250,"Population in the Labor Force"
"geoId/02110","","Juneau City and Borough","Count_Person_InLaborForce","1997-02","BLS_LAUS","https://www.bls.gov/lau/","","","",16406,"Population in the Labor Force"
"geoId/02110","","Juneau City and Borough","Count_Person_InLaborForce","1997-03","BLS_LAUS","https://www.bls.gov/lau/","","","",16812,"Population in the Labor Force"
"geoId/02110","","Juneau City and Borough","Count_Person_InLaborForce","1997-04","BLS_LAUS","https://www.bls.gov/lau/","","","",16814,"Population in the Labor Force"
"geoId/02110","","Juneau City and Borough","Count_Person_InLaborForce","1997-05","BLS_LAUS","https://www.bls.gov/lau/","","","",17541,"Population in the Labor Force"
"geoId/02110","","Juneau City and Borough","Count_Person_InLaborForce","1997-06","BLS_LAUS","https://www.bls.gov/lau/","","","",17806,"Population in the Labor Force"
"geoId/02110","","Juneau City and Borough","Count_Person_InLaborForce","1997-07","BLS_LAUS","https://www.bls.gov/lau/","","","",18670,"Population in the Labor Force"
"geoId/02110","","Juneau City and Borough","Count_Person_InLaborForce","1997-08","BLS_LAUS","https://www.bls.gov/lau/","","","",18757,"Population in the Labor Force"
"geoId/02110","","Juneau City and Borough","Count_Person_InLaborForce","1997-09","BLS_LAUS","https://www.bls.gov/lau/","","","",18179,"Population in the Labor Force"
"geoId/02110","","Juneau City and Borough","Count_Person_InLaborForce","1997-10","BLS_LAUS","https://www.bls.gov/lau/","","","",17053,"Population in the Labor Force"
"geoId/02110","","Juneau City and Borough","Count_Person_InLaborForce","1997-11","BLS_LAUS","https://www.bls.gov/lau/","","","",16725,"Population in the Labor Force"
"geoId/02110","","Juneau City and Borough","Count_Person_InLaborForce","1997-12","BLS_LAUS","https://www.bls.gov/lau/","","","",16506,"Population in the Labor Force"
"geoId/02110","","Juneau City and Borough","Count_Person_InLaborForce","1998-01","BLS_LAUS","https://www.bls.gov/lau/","","","",15819,"Population in the Labor Force"
"geoId/02110","","Juneau City and Borough","Count_Person_InLaborForce","1998-02","BLS_LAUS","https://www.bls.gov/lau/","","","",15869,"Population in the Labor Force"
"geoId/02110","","Juneau City and Borough","Count_Person_InLaborForce","1998-03","BLS_LAUS","https://www.bls.gov/lau/","","","",16328,"Population in the Labor Force"
"geoId/02110","","Juneau City and Borough","Count_Person_InLaborForce","1998-04","BLS_LAUS","https://www.bls.gov/lau/","","","",16367,"Population in the Labor Force"
"geoId/02110","","Juneau City and Borough","Count_Person_InLaborForce","1998-05","BLS_LAUS","https://www.bls.gov/lau/","","","",17105,"Population in the Labor Force"
"geoId/02110","","Juneau City and Borough","Count_Person_InLaborForce","1998-06","BLS_LAUS","https://www.bls.gov/lau/","","","",17539,"Population in the Labor Force"
"geoId/02110","","Juneau City and Borough","Count_Person_InLaborForce","1998-07","BLS_LAUS","https://www.bls.gov/lau/","","","",18186,"Population in the Labor Force"
"geoId/02110","","Juneau City and Borough","Count_Person_InLaborForce","1998-08","BLS_LAUS","https://www.bls.gov/lau/","","","",18414,"Population in the Labor Force"
"geoId/02110","","Juneau City and Borough","Count_Person_InLaborForce","1998-09","BLS_LAUS","https://www.bls.gov/lau/","","","",17714,"Population in the Labor Force"
"geoId/02110","","Juneau City and Borough","Count_Person_InLaborForce","1998-10","BLS_LAUS","https://www.bls.gov/lau/","","","",16899,"Population in the Labor Force"
"geoId/02110","","Juneau City and Borough","Count_Person_InLaborForce","1998-11","BLS_LAUS","https://www.bls.gov/lau/","","","",16656,"Population in the Labor Force"
"geoId/02110","","Juneau City and Borough","Count_Person_InLaborForce","1998-12","BLS_LAUS","https://www.bls.gov/lau/","","","",16156,"Population in the Labor Force"
"geoId/02110","","Juneau City and Borough","Count_Person_InLaborForce","1999-01","BLS_LAUS","https://www.bls.gov/lau/","","","",15834,"Population in the Labor Force"
"geoId/02110","","Juneau City and Borough","Count_Person_InLaborForce","1999-02","BLS_LAUS","https://www.bls.gov/lau/","","","",16047,"Population in the Labor Force"
"geoId/02110","","Juneau City and Borough","Count_Person_InLaborForce","1999-03","BLS_LAUS","https://www.bls.gov/lau/","","","",16185,"Population in the Labor Force"
"geoId/02110","","Juneau City and Borough","Count_Person_InLaborForce","1999-04","BLS_LAUS","https://www.bls.gov/lau/","","","",16547,"Population in the Labor Force"
"geoId/02110","","Juneau City and Borough","Count_Person_InLaborForce","1999-05","BLS_LAUS","https://www.bls.gov/lau/","","","",17417,"Population in the Labor Force"
"geoId/02110","","Juneau City and Borough","Count_Person_InLaborForce","1999-06","BLS_LAUS","https://www.bls.gov/lau/","","","",17952,"Population in the Labor Force"
"geoId/02110","","Juneau City and Borough","Count_Person_InLaborForce","1999-07","BLS_LAUS","https://www.bls.gov/lau/","","","",18884,"Population in the Labor Force"
"geoId/02110","","Juneau City and Borough","Count_Person_InLaborForce","1999-08","BLS_LAUS","https://www.bls.gov/lau/","","","",18623,"Population in the Labor Force"
"geoId/02110","","Juneau City and Borough","Count_Person_InLaborForce","1999-09","BLS_LAUS","https://www.bls.gov/lau/","","","",18304,"Population in the Labor Force"
"geoId/02110","","Juneau City and Borough","Count_Person_InLaborForce","1999-10","BLS_LAUS","https://www.bls.gov/lau/","","","",17114,"Population in the Labor Force"
"geoId/02110","","Juneau City and Borough","Count_Person_InLaborForce","1999-11","BLS_LAUS","https://www.bls.gov/lau/","","","",16684,"Population in the Labor Force"
"geoId/02110","","Juneau City and Borough","Count_Person_InLaborForce","1999-12","BLS_LAUS","https://www.bls.gov/lau/","","","",16452,"Population in the Labor Force"
"geoId/02110","","Juneau City and Borough","Count_Person_InLaborForce","2000-01","BLS_LAUS","https://www.bls.gov/lau/","","","",17945,"Population in the Labor Force"
"geoId/02110","","Juneau City and Borough","Count_Person_InLaborForce","2000-02","BLS_LAUS","https://www.bls.gov/lau/","","","",18079,"Population in the Labor Force"
"geoId/02110","","Juneau City and Borough","Count_Person_InLaborForce","2000-03","BLS_LAUS","https://www.bls.gov/lau/","","","",18080,"Population in the Labor Force"
"geoId/02110","","Juneau City and Borough","Count_Person_InLaborForce","2000-04","BLS_LAUS","https://www.bls.gov/lau/","","","",17949,"Population in the Labor Force"
"geoId/02110","","Juneau City and Borough","Count_Person_InLaborForce","2000-05","BLS_LAUS","https://www.bls.gov/lau/","","","",18325,"Population in the Labor Force"
"geoId/02110","","Juneau City and Borough","Count_Person_InLaborForce","2000-06","BLS_LAUS","https://www.bls.gov/lau/","","","",18692,"Population in the Labor Force"
"geoId/02110","","Juneau City and Borough","Count_Person_InLaborForce","2000-07","BLS_LAUS","https://www.bls.gov/lau/","","","",18616,"Population in the Labor Force"
"geoId/02110","","Juneau City and Borough","Count_Person_InLaborForce","2000-08","BLS_LAUS","https://www.bls.gov/lau/","","","",18099,"Population in the Labor Force"
"geoId/02110","","Juneau City and Borough","Count_Person_InLaborForce","2000-09","BLS_LAUS","https://www.bls.gov/lau/","","","",17781,"Population in the Labor Force"
"geoId/02110","","Juneau City and Borough","Count_Person_InLaborForce","2000-10","BLS_LAUS","https://www.bls.gov/lau/","","","",17602,"Population in the Labor Force"
"geoId/02110","","Juneau City and Borough","Count_Person_InLaborForce","2000-11","BLS_LAUS","https://www.bls.gov/lau/","","","",17595,"Population in the Labor Force"
"geoId/02110","","Juneau City and Borough","Count_Person_InLaborForce","2000-12","BLS_LAUS","https://www.bls.gov/lau/","","","",17715,"Population in the Labor Force"
"geoId/02110","","Juneau City and Borough","Count_Person_InLaborForce","2001-01","BLS_LAUS","https://www.bls.gov/lau/","","","",17754,"Population in the Labor Force"
"geoId/02110","","Juneau City and Borough","Count_Person_InLaborForce","2001-02","BLS_LAUS","https://www.bls.gov/lau/","","","",17706,"Population in the Labor Force"
"geoId/02110","","Juneau City and Borough","Count_Person_InLaborForce","2001-03","BLS_LAUS","https://www.bls.gov/lau/","","","",17798,"Population in the Labor Force"
"geoId/02110","","Juneau City and Borough","Count_Person_InLaborForce","2001-04","BLS_LAUS","https://www.bls.gov/lau/","","","",17704,"Population in the Labor Force"
"geoId/02110","","Juneau City and Borough","Count_Person_InLaborForce","2001-05","BLS_LAUS","https://www.bls.gov/lau/","","","",18058,"Population in the Labor Force"
"geoId/02110","","Juneau City and Borough","Count_Person_InLaborForce","2001-06","BLS_LAUS","https://www.bls.gov/lau/","","","",18283,"Population in the Labor Force"
"geoId/02110","","Juneau City and Borough","Count_Person_InLaborForce","2001-07","BLS_LAUS","https://www.bls.gov/lau/","","","",18637,"Population in the Labor Force"
"geoId/02110","","Juneau City and Borough","Count_Person_InLaborForce","2001-08","BLS_LAUS","https://www.bls.gov/lau/","","","",18327,"Population in the Labor Force"
"geoId/02110","","Juneau City and Borough","Count_Person_InLaborForce","2001-09","BLS_LAUS","https://www.bls.gov/lau/","","","",17980,"Population in the Labor Force"
"geoId/02110","","Juneau City and Borough","Count_Person_InLaborForce","2001-10","BLS_LAUS","https://www.bls.gov/lau/","","","",17969,"Population in the Labor Force"
"geoId/02110","","Juneau City and Borough","Count_Person_InLaborForce","2001-11","BLS_LAUS","https://www.bls.gov/lau/","","","",17801,"Population in the Labor Force"
"geoId/02110","","Juneau City and Borough","Count_Person_InLaborForce","2001-12","BLS_LAUS","https://www.bls.gov/lau/","","","",18076,"Population in the Labor Force"
"geoId/02110","","Juneau City and Borough","Count_Person_InLaborForce","2002-01","BLS_LAUS","https://www.bls.gov/lau/","","","",17773,"Population in the Labor Force"
"geoId/02110","","Juneau City and Borough","Count_Person_InLaborForce","2002-02","BLS_LAUS","https://www.bls.gov/lau/","","","",17925,"Population in the Labor Force"
"geoId/02110","","Juneau City and Borough","Count_Person_InLaborForce","2002-03","BLS_LAUS","https://www.bls.gov/lau/","","","",17848,"Population in the Labor Force"
"geoId/02110","","Juneau City and Borough","Count_Person_InLaborForce","2002-04","BLS_LAUS","https://www.bls.gov/lau/","","","",18009,"Population in the Labor Force"
"geoId/02110","","Juneau City and Borough","Count_Person_InLaborForce","2002-05","BLS_LAUS","https://www.bls.gov/lau/","","","",18407,"Population in the Labor Force"
"geoId/02110","","Juneau City and Borough","Count_Person_InLaborForce","2002-06","BLS_LAUS","https://www.bls.gov/lau/","","","",18333,"Population in the Labor Force"
"geoId/02110","","Juneau City and Borough","Count_Person_InLaborForce","2002-07","BLS_LAUS","https://www.bls.gov/lau/","","","",18675,"Population in the Labor Force"
"geoId/02110","","Juneau City and Borough","Count_Person_InLaborForce","2002-08","BLS_LAUS","https://www.bls.gov/lau/","","","",18310,"Population in the Labor Force"
"geoId/02110","","Juneau City and Borough","Count_Person_InLaborForce","2002-09","BLS_LAUS","https://www.bls.gov/lau/","","","",17956,"Population in the Labor Force"
"geoId/02110","","Juneau City and Borough","Count_Person_InLaborForce","2002-10","BLS_LAUS","https://www.bls.gov/lau/","","","",17622,"Population in the Labor Force"
"geoId/02110","","Juneau City and Borough","Count_Person_InLaborForce","2002-11","BLS_LAUS","https://www.bls.gov/lau/","","","",17608,"Population in the Labor Force"
"geoId/02110","","Juneau City and Borough","Count_Person_InLaborForce","2002-12","BLS_LAUS","https://www.bls.gov/lau/","","","",17583,"Population in the Labor Force"
"geoId/02110","","Juneau City and Borough","Count_Person_InLaborForce","2003-01","BLS_LAUS","https://www.bls.gov/lau/","","","",17773,"Population in the Labor Force"
"geoId/02110","","Juneau City and Borough","Count_Person_InLaborForce","2003-02","BLS_LAUS","https://www.bls.gov/lau/","","","",17902,"Population in the Labor Force"
"geoId/02110","","Juneau City and Borough","Count_Person_InLaborForce","2003-03","BLS_LAUS","https://www.bls.gov/lau/","","","",17887,"Population in the Labor Force"
"geoId/02110","","Juneau City and Borough","Count_Person_InLaborForce","2003-04","BLS_LAUS","https://www.bls.gov/lau/","","","",18012,"Population in the Labor Force"
"geoId/02110","","Juneau City and Borough","Count_Person_InLaborForce","2003-05","BLS_LAUS","https://www.bls.gov/lau/","","","",18438,"Population in the Labor Force"
"geoId/02110","","Juneau City and Borough","Count_Person_InLaborForce","2003-06","BLS_LAUS","https://www.bls.gov/lau/","","","",18937,"Population in the Labor Force"
"geoId/02110","","Juneau City and Borough","Count_Person_InLaborForce","2003-07","BLS_LAUS","https://www.bls.gov/lau/","","","",18796,"Population in the Labor Force"
"geoId/02110","","Juneau City and Borough","Count_Person_InLaborForce","2003-08","BLS_LAUS","https://www.bls.gov/lau/","","","",18353,"Population in the Labor Force"
"geoId/02110","","Juneau City and Borough","Count_Person_InLaborForce","2003-09","BLS_LAUS","https://www.bls.gov/lau/","","","",18196,"Population in the Labor Force"
"geoId/02110","","Juneau City and Borough","Count_Person_InLaborForce","2003-10","BLS_LAUS","https://www.bls.gov/lau/","","","",17679,"Population in the Labor Force"
"geoId/02110","","Juneau City and Borough","Count_Person_InLaborForce","2003-11","BLS_LAUS","https://www.bls.gov/lau/","","","",17748,"Population in the Labor Force"
"geoId/02110","","Juneau City and Borough","Count_Person_InLaborForce","2003-12","BLS_LAUS","https://www.bls.gov/lau/","","","",17604,"Population in the Labor Force"
"geoId/02110","","Juneau City and Borough","Count_Person_InLaborForce","2004-01","BLS_LAUS","https://www.bls.gov/lau/","","","",17860,"Population in the Labor Force"
"geoId/02110","","Juneau City and Borough","Count_Person_InLaborForce","2004-02","BLS_LAUS","https://www.bls.gov/lau/","","","",17846,"Population in the Labor Force"
"geoId/02110","","Juneau City and Borough","Count_Person_InLaborForce","2004-03","BLS_LAUS","https://www.bls.gov/lau/","","","",17867,"Population in the Labor Force"
"geoId/02110","","Juneau City and Borough","Count_Person_InLaborForce","2004-04","BLS_LAUS","https://www.bls.gov/lau/","","","",17823,"Population in the Labor Force"
"geoId/02110","","Juneau City and Borough","Count_Person_InLaborForce","2004-05","BLS_LAUS","https://www.bls.gov/lau/","","","",18235,"Population in the Labor Force"
"geoId/02110","","Juneau City and Borough","Count_Person_InLaborForce","2004-06","BLS_LAUS","https://www.bls.gov/lau/","","","",18372,"Population in the Labor Force"
"geoId/02110","","Juneau City and Borough","Count_Person_InLaborForce","2004-07","BLS_LAUS","https://www.bls.gov/lau/","","","",18587,"Population in the Labor Force"
"geoId/02110","","Juneau City and Borough","Count_Person_InLaborForce","2004-08","BLS_LAUS","https://www.bls.gov/lau/","","","",18035,"Population in the Labor Force"
"geoId/02110","","Juneau City and Borough","Count_Person_InLaborForce","2004-09","BLS_LAUS","https://www.bls.gov/lau/","","","",17830,"Population in the Labor Force"
"geoId/02110","","Juneau City and Borough","Count_Person_InLaborForce","2004-10","BLS_LAUS","https://www.bls.gov/lau/","","","",17607,"Population in the Labor Force"
"geoId/02110","","Juneau City and Borough","Count_Person_InLaborForce","2004-11","BLS_LAUS","https://www.bls.gov/lau/","","","",17740,"Population in the Labor Force"
"geoId/02110","","Juneau City and Borough","Count_Person_InLaborForce","2004-12","BLS_LAUS","https://www.bls.gov/lau/","","","",17858,"Population in the Labor Force"
"geoId/02110","","Juneau City and Borough","Count_Person_InLaborForce","2005-01","BLS_LAUS","https://www.bls.gov/lau/","","","",17790,"Population in the Labor Force"
"geoId/02110","","Juneau City and Borough","Count_Person_InLaborForce","2005-02","BLS_LAUS","https://www.bls.gov/lau/","","","",17957,"Population in the Labor Force"
"geoId/02110","","Juneau City and Borough","Count_Person_InLaborForce","2005-03","BLS_LAUS","https://www.bls.gov/lau/","","","",18124,"Population in the Labor Force"
"geoId/02110","","Juneau City and Borough","Count_Person_InLaborForce","2005-04","BLS_LAUS","https://www.bls.gov/lau/","","","",18262,"Population in the Labor Force"
"geoId/02110","","Juneau City and Borough","Count_Person_InLaborForce","2005-05","BLS_LAUS","https://www.bls.gov/lau/","","","",18826,"Population in the Labor Force"
"geoId/02110","","Juneau City and Borough","Count_Person_InLaborForce","2005-06","BLS_LAUS","https://www.bls.gov/lau/","","","",18740,"Population in the Labor Force"
"geoId/02110","","Juneau City and Borough","Count_Person_InLaborForce","2005-07","BLS_LAUS","https://www.bls.gov/lau/","","","",18979,"Population in the Labor Force"
"geoId/02110","","Juneau City and Borough","Count_Person_InLaborForce","2005-08","BLS_LAUS","https://www.bls.gov/lau/","","","",18724,"Population in the Labor Force"
"geoId/02110","","Juneau City and Borough","Count_Person_InLaborForce","2005-09","BLS_LAUS","https://www.bls.gov/lau/","","","",18338,"Population in the Labor Force"
"geoId/02110","","Juneau City and Borough","Count_Person_InLaborForce","2005-10","BLS_LAUS","https://www.bls.gov/lau/","","","",18099,"Population in the Labor Force"
"geoId/02110","","Juneau City and Borough","Count_Person_InLaborForce","2005-11","BLS_LAUS","https://www.bls.gov/lau/","","","",17963,"Population in the Labor Force"
"geoId/02110","","Juneau City and Borough","Count_Person_InLaborForce","2005-12","BLS_LAUS","https://www.bls.gov/lau/","","","",18109,"Population in the Labor Force"
"geoId/02110","","Juneau City and Borough","Count_Person_InLaborForce","2006-01","BLS_LAUS","https://www.bls.gov/lau/","","","",18074,"Population in the Labor Force"
"geoId/02110","","Juneau City and Borough","Count_Person_InLaborForce","2006-02","BLS_LAUS","https://www.bls.gov/lau/","","","",18385,"Population in the Labor Force"
"geoId/02110","","Juneau City and Borough","Count_Person_InLaborForce","2006-03","BLS_LAUS","https://www.bls.gov/lau/","","","",18166,"Population in the Labor Force"
"geoId/02110","","Juneau City and Borough","Count_Person_InLaborForce","2006-04","BLS_LAUS","https://www.bls.gov/lau/","","","",18489,"Population in the Labor Force"
"geoId/02110","","Juneau City and Borough","Count_Person_InLaborForce","2006-05","BLS_LAUS","https://www.bls.gov/lau/","","","",18953,"Population in the Labor Force"
"geoId/02110","","Juneau City and Borough","Count_Person_InLaborForce","2006-06","BLS_LAUS","https://www.bls.gov/lau/","","","",18686,"Population in the Labor Force"
"geoId/02110","","Juneau City and Borough","Count_Person_InLaborForce","2006-07","BLS_LAUS","https://www.bls.gov/lau/","","","",19073,"Population in the Labor Force"
"geoId/02110","","Juneau City and Borough","Count_Person_InLaborForce","2006-08","BLS_LAUS","https://www.bls.gov/lau/","","","",18715,"Population in the Labor Force"
"geoId/02110","","Juneau City and Borough","Count_Person_InLaborForce","2006-09","BLS_LAUS","https://www.bls.gov/lau/","","","",18523,"Population in the Labor Force"
"geoId/02110","","Juneau City and Borough","Count_Person_InLaborForce","2006-10","BLS_LAUS","https://www.bls.gov/lau/","","","",18271,"Population in the Labor Force"
"geoId/02110","","Juneau City and Borough","Count_Person_InLaborForce","2006-11","BLS_LAUS","https://www.bls.gov/lau/","","","",18310,"Population in the Labor Force"
"geoId/02110","","Juneau City and Borough","Count_Person_InLaborForce","2006-12","BLS_LAUS","https://www.bls.gov/lau/","","","",18280,"Population in the Labor Force"
"geoId/02110","","Juneau City and Borough","Count_Person_InLaborForce","2007-01","BLS_LAUS","https://www.bls.gov/lau/","","","",18296,"Population in the Labor Force"
"geoId/02110","","Juneau City and Borough","Count_Person_InLaborForce","2007-02","BLS_LAUS","https://www.bls.gov/lau/","","","",18200,"Population in the Labor Force"
"geoId/02110","","Juneau City and Borough","Count_Person_InLaborForce","2007-03","BLS_LAUS","https://www.bls.gov/lau/","","","",18320,"Population in the Labor Force"
"geoId/02110","","Juneau City and Borough","Count_Person_InLaborForce","2007-04","BLS_LAUS","https://www.bls.gov/lau/","","","",18382,"Population in the Labor Force"
"geoId/02110","","Juneau City and Borough","Count_Person_InLaborForce","2007-05","BLS_LAUS","https://www.bls.gov/lau/","","","",18994,"Population in the Labor Force"
"geoId/02110","","Juneau City and Borough","Count_Person_InLaborForce","2007-06","BLS_LAUS","https://www.bls.gov/lau/","","","",18679,"Population in the Labor Force"
"geoId/02110","","Juneau City and Borough","Count_Person_InLaborForce","2007-07","BLS_LAUS","https://www.bls.gov/lau/","","","",18971,"Population in the Labor Force"
"geoId/02110","","Juneau City and Borough","Count_Person_InLaborForce","2007-08","BLS_LAUS","https://www.bls.gov/lau/","","","",18507,"Population in the Labor Force"
"geoId/02110","","Juneau City and Borough","Count_Person_InLaborForce","2007-09","BLS_LAUS","https://www.bls.gov/lau/","","","",18512,"Population in the Labor Force"
"geoId/02110","","Juneau City and Borough","Count_Person_InLaborForce","2007-10","BLS_LAUS","https://www.bls.gov/lau/","","","",18088,"Population in the Labor Force"
"geoId/02110","","Juneau City and Borough","Count_Person_InLaborForce","2007-11","BLS_LAUS","https://www.bls.gov/lau/","","","",18195,"Population in the Labor Force"
"geoId/02110","","Juneau City and Borough","Count_Person_InLaborForce","2007-12","BLS_LAUS","https://www.bls.gov/lau/","","","",18057,"Population in the Labor Force"
"geoId/02110","","Juneau City and Borough","Count_Person_InLaborForce","2008-01","BLS_LAUS","https://www.bls.gov/lau/","","","",18325,"Population in the Labor Force"
"geoId/02110","","Juneau City and Borough","Count_Person_InLaborForce","2008-02","BLS_LAUS","https://www.bls.gov/lau/","","","",18415,"Population in the Labor Force"
"geoId/02110","","Juneau City and Borough","Count_Person_InLaborForce","2008-03","BLS_LAUS","https://www.bls.gov/lau/","","","",18577,"Population in the Labor Force"
"geoId/02110","","Juneau City and Borough","Count_Person_InLaborForce","2008-04","BLS_LAUS","https://www.bls.gov/lau/","","","",18734,"Population in the Labor Force"
"geoId/02110","","Juneau City and Borough","Count_Person_InLaborForce","2008-05","BLS_LAUS","https://www.bls.gov/lau/","","","",19236,"Population in the Labor Force"
"geoId/02110","","Juneau City and Borough","Count_Person_InLaborForce","2008-06","BLS_LAUS","https://www.bls.gov/lau/","","","",19386,"Population in the Labor Force"
"geoId/02110","","Juneau City and Borough","Count_Person_InLaborForce","2008-07","BLS_LAUS","https://www.bls.gov/lau/","","","",19777,"Population in the Labor Force"
"geoId/02110","","Juneau City and Borough","Count_Person_InLaborForce","2008-08","BLS_LAUS","https://www.bls.gov/lau/","","","",19408,"Population in the Labor Force"
"geoId/02110","","Juneau City and Borough","Count_Person_InLaborForce","2008-09","BLS_LAUS","https://www.bls.gov/lau/","","","",18840,"Population in the Labor Force"
"geoId/02110","","Juneau City and Borough","Count_Person_InLaborForce","2008-10","BLS_LAUS","https://www.bls.gov/lau/","","","",18175,"Population in the Labor Force"
"geoId/02110","","Juneau City and Borough","Count_Person_InLaborForce","2008-11","BLS_LAUS","https://www.bls.gov/lau/","","","",18009,"Population in the Labor Force"
"geoId/02110","","Juneau City and Borough","Count_Person_InLaborForce","2008-12","BLS_LAUS","https://www.bls.gov/lau/","","","",18179,"Population in the Labor Force"
"geoId/02110","","Juneau City and Borough","Count_Person_InLaborForce","2009-01","BLS_LAUS","https://www.bls.gov/lau/","","","",18046,"Population in the Labor Force"
"geoId/02110","","Juneau City and Borough","Count_Person_InLaborForce","2009-02","BLS_LAUS","https://www.bls.gov/lau/","","","",18148,"Population in the Labor Force"
"geoId/02110","","Juneau City and Borough","Count_Person_InLaborForce","2009-03","BLS_LAUS","https://www.bls.gov/lau/","","","",18112,"Population in the Labor Force"
"geoId/02110","","Juneau City and Borough","Count_Person_InLaborForce","2009-04","BLS_LAUS","https://www.bls.gov/lau/","","","",18453,"Population in the Labor Force"
"geoId/02110","","Juneau City and Borough","Count_Person_InLaborForce","2009-05","BLS_LAUS","https://www.bls.gov/lau/","","","",18715,"Population in the Labor Force"
"geoId/02110","","Juneau City and Borough","Count_Person_InLaborForce","2009-06","BLS_LAUS","https://www.bls.gov/lau/","","","",18759,"Population in the Labor Force"
"geoId/02110","","Juneau City and Borough","Count_Person_InLaborForce","2009-07","BLS_LAUS","https://www.bls.gov/lau/","","","",18938,"Population in the Labor Force"
"geoId/02110","","Juneau City and Borough","Count_Person_InLaborForce","2009-08","BLS_LAUS","https://www.bls.gov/lau/","","","",18535,"Population in the Labor Force"
"geoId/02110","","Juneau City and Borough","Count_Person_InLaborForce","2009-09","BLS_LAUS","https://www.bls.gov/lau/","","","",18404,"Population in the Labor Force"
"geoId/02110","","Juneau City and Borough","Count_Person_InLaborForce","2009-10","BLS_LAUS","https://www.bls.gov/lau/","","","",18142,"Population in the Labor Force"
"geoId/02110","","Juneau City and Borough","Count_Person_InLaborForce","2009-11","BLS_LAUS","https://www.bls.gov/lau/","","","",18096,"Population in the Labor Force"
"geoId/02110","","Juneau City and Borough","Count_Person_InLaborForce","2009-12","BLS_LAUS","https://www.bls.gov/lau/","","","",18074,"Population in the Labor Force"
"geoId/02110","","Juneau City and Borough","Count_Person_InLaborForce","2010-01","BLS_LAUS","https://www.bls.gov/lau/","","","",17672,"Population in the Labor Force"
"geoId/02110","","Juneau City and Borough","Count_Person_InLaborForce","2010-02","BLS_LAUS","https://www.bls.gov/lau/","","","",17704,"Population in the Labor Force"
"geoId/02110","","Juneau City and Borough","Count_Person_InLaborForce","2010-03","BLS_LAUS","https://www.bls.gov/lau/","","","",17719,"Population in the Labor Force"
"geoId/02110","","Juneau City and Borough","Count_Person_InLaborForce","2010-04","BLS_LAUS","https://www.bls.gov/lau/","","","",17986,"Population in the Labor Force"
"geoId/02110","","Juneau City and Borough","Count_Person_InLaborForce","2010-05","BLS_LAUS","https://www.bls.gov/lau/","","","",18324,"Population in the Labor Force"
"geoId/02110","","Juneau City and Borough","Count_Person_InLaborForce","2010-06","BLS_LAUS","https://www.bls.gov/lau/","","","",18030,"Population in the Labor Force"
"geoId/02110","","Juneau City and Borough","Count_Person_InLaborForce","2010-07","BLS_LAUS","https://www.bls.gov/lau/","","","",18292,"Population in the Labor Force"
"geoId/02110","","Juneau City and Borough","Count_Person_InLaborForce","2010-08","BLS_LAUS","https://www.bls.gov/lau/","","","",18023,"Population in the Labor Force"
"geoId/02110","","Juneau City and Borough","Count_Person_InLaborForce","2010-09","BLS_LAUS","https://www.bls.gov/lau/","","","",17993,"Population in the Labor Force"
"geoId/02110","","Juneau City and Borough","Count_Person_InLaborForce","2010-10","BLS_LAUS","https://www.bls.gov/lau/","","","",17511,"Population in the Labor Force"
"geoId/02110","","Juneau City and Borough","Count_Person_InLaborForce","2010-11","BLS_LAUS","https://www.bls.gov/lau/","","","",17610,"Population in the Labor Force"
"geoId/02110","","Juneau City and Borough","Count_Person_InLaborForce","2010-12","BLS_LAUS","https://www.bls.gov/lau/","","","",17687,"Population in the Labor Force"
"geoId/02110","","Juneau City and Borough","Count_Person_InLaborForce","2011-01","BLS_LAUS","https://www.bls.gov/lau/","","","",17773,"Population in the Labor Force"
"geoId/02110","","Juneau City and Borough","Count_Person_InLaborForce","2011-02","BLS_LAUS","https://www.bls.gov/lau/","","","",17672,"Population in the Labor Force"
"geoId/02110","","Juneau City and Borough","Count_Person_InLaborForce","2011-03","BLS_LAUS","https://www.bls.gov/lau/","","","",17849,"Population in the Labor Force"
"geoId/02110","","Juneau City and Borough","Count_Person_InLaborForce","2011-04","BLS_LAUS","https://www.bls.gov/lau/","","","",17794,"Population in the Labor Force"
"geoId/02110","","Juneau City and Borough","Count_Person_InLaborForce","2011-05","BLS_LAUS","https://www.bls.gov/lau/","","","",18452,"Population in the Labor Force"
"geoId/02110","","Juneau City and Borough","Count_Person_InLaborForce","2011-06","BLS_LAUS","https://www.bls.gov/lau/","","","",18092,"Population in the Labor Force"
"geoId/02110","","Juneau City and Borough","Count_Person_InLaborForce","2011-07","BLS_LAUS","https://www.bls.gov/lau/","","","",18020,"Population in the Labor Force"
"geoId/02110","","Juneau City and Borough","Count_Person_InLaborForce","2011-08","BLS_LAUS","https://www.bls.gov/lau/","","","",17903,"Population in the Labor Force"
"geoId/02110","","Juneau City and Borough","Count_Person_InLaborForce","2011-09","BLS_LAUS","https://www.bls.gov/lau/","","","",17837,"Population in the Labor Force"
"geoId/02110","","Juneau City and Borough","Count_Person_InLaborForce","2011-10","BLS_LAUS","https://www.bls.gov/lau/","","","",17510,"Population in the Labor Force"
"geoId/02110","","Juneau City and Borough","Count_Person_InLaborForce","2011-11","BLS_LAUS","https://www.bls.gov/lau/","","","",17500,"Population in the Labor Force"
"geoId/02110","","Juneau City and Borough","Count_Person_InLaborForce","2011-12","BLS_LAUS","https://www.bls.gov/lau/","","","",17588,"Population in the Labor Force"
"geoId/02110","","Juneau City and Borough","Count_Person_InLaborForce","2012-01","BLS_LAUS","https://www.bls.gov/lau/","","","",17525,"Population in the Labor Force"
"geoId/02110","","Juneau City and Borough","Count_Person_InLaborForce","2012-02","BLS_LAUS","https://www.bls.gov/lau/","","","",17559,"Population in the Labor Force"
"geoId/02110","","Juneau City and Borough","Count_Person_InLaborForce","2012-03","BLS_LAUS","https://www.bls.gov/lau/","","","",17633,"Population in the Labor Force"
"geoId/02110","","Juneau City and Borough","Count_Person_InLaborForce","2012-04","BLS_LAUS","https://www.bls.gov/lau/","","","",17703,"Population in the Labor Force"
"geoId/02110","","Juneau City and Borough","Count_Person_InLaborForce","2012-05","BLS_LAUS","https://www.bls.gov/lau/","","","",18258,"Population in the Labor Force"
"geoId/02110","","Juneau City and Borough","Count_Person_InLaborForce","2012-06","BLS_LAUS","https://www.bls.gov/lau/","","","",18405,"Population in the Labor Force"
"geoId/02110","","Juneau City and Borough","Count_Person_InLaborForce","2012-07","BLS_LAUS","https://www.bls.gov/lau/","","","",18528,"Population in the Labor Force"
"geoId/02110","","Juneau City and Borough","Count_Person_InLaborForce","2012-08","BLS_LAUS","https://www.bls.gov/lau/","","","",18113,"Population in the Labor Force"
"geoId/02110","","Juneau City and Borough","Count_Person_InLaborForce","2012-09","BLS_LAUS","https://www.bls.gov/lau/","","","",18050,"Population in the Labor Force"
"geoId/02110","","Juneau City and Borough","Count_Person_InLaborForce","2012-10","BLS_LAUS","https://www.bls.gov/lau/","","","",17467,"Population in the Labor Force"
"geoId/02110","","Juneau City and Borough","Count_Person_InLaborForce","2012-11","BLS_LAUS","https://www.bls.gov/lau/","","","",17374,"Population in the Labor Force"
"geoId/02110","","Juneau City and Borough","Count_Person_InLaborForce","2012-12","BLS_LAUS","https://www.bls.gov/lau/","","","",17352,"Population in the Labor Force"
"geoId/02110","","Juneau City and Borough","Count_Person_InLaborForce","2013-01","BLS_LAUS","https://www.bls.gov/lau/","","","",17315,"Population in the Labor Force"
"geoId/02110","","Juneau City and Borough","Count_Person_InLaborForce","2013-02","BLS_LAUS","https://www.bls.gov/lau/","","","",17350,"Population in the Labor Force"
"geoId/02110","","Juneau City and Borough","Count_Person_InLaborForce","2013-03","BLS_LAUS","https://www.bls.gov/lau/","","","",17282,"Population in the Labor Force"
"geoId/02110","","Juneau City and Borough","Count_Person_InLaborForce","2013-04","BLS_LAUS","https://www.bls.gov/lau/","","","",17350,"Population in the Labor Force"
"geoId/02110","","Juneau City and Borough","Count_Person_InLaborForce","2013-05","BLS_LAUS","https://www.bls.gov/lau/","","","",18043,"Population in the Labor Force"
"geoId/02110","","Juneau City and Borough","Count_Person_InLaborForce","2013-06","BLS_LAUS","https://www.bls.gov/lau/","","","",18177,"Population in the Labor Force"
"geoId/02110","","Juneau City and Borough","Count_Person_InLaborForce","2013-07","BLS_LAUS","https://www.bls.gov/lau/","","","",18102,"Population in the Labor Force"
"geoId/02110","","Juneau City and Borough","Count_Person_InLaborForce","2013-08","BLS_LAUS","https://www.bls.gov/lau/","","","",18074,"Population in the Labor Force"
"geoId/02110","","Juneau City and Borough","Count_Person_InLaborForce","2013-09","BLS_LAUS","https://www.bls.gov/lau/","","","",17664,"Population in the Labor Force"
"geoId/02110","","Juneau City and Borough","Count_Person_InLaborForce","2013-10","BLS_LAUS","https://www.bls.gov/lau/","","","",16936,"Population in the Labor Force"
"geoId/02110","","Juneau City and Borough","Count_Person_InLaborForce","2013-11","BLS_LAUS","https://www.bls.gov/lau/","","","",16909,"Population in the Labor Force"
"geoId/02110","","Juneau City and Borough","Count_Person_InLaborForce","2013-12","BLS_LAUS","https://www.bls.gov/lau/","","","",16846,"Population in the Labor Force"
"geoId/02110","","Juneau City and Borough","Count_Person_InLaborForce","2014-01","BLS_LAUS","https://www.bls.gov/lau/","","","",16903,"Population in the Labor Force"
"geoId/02110","","Juneau City and Borough","Count_Person_InLaborForce","2014-02","BLS_LAUS","https://www.bls.gov/lau/","","","",17013,"Population in the Labor Force"
"geoId/02110","","Juneau City and Borough","Count_Person_InLaborForce","2014-03","BLS_LAUS","https://www.bls.gov/lau/","","","",17068,"Population in the Labor Force"
"geoId/02110","","Juneau City and Borough","Count_Person_InLaborForce","2014-04","BLS_LAUS","https://www.bls.gov/lau/","","","",17156,"Population in the Labor Force"
"geoId/02110","","Juneau City and Borough","Count_Person_InLaborForce","2014-05","BLS_LAUS","https://www.bls.gov/lau/","","","",17914,"Population in the Labor Force"
"geoId/02110","","Juneau City and Borough","Count_Person_InLaborForce","2014-06","BLS_LAUS","https://www.bls.gov/lau/","","","",17981,"Population in the Labor Force"
"geoId/02110","","Juneau City and Borough","Count_Person_InLaborForce","2014-07","BLS_LAUS","https://www.bls.gov/lau/","","","",18063,"Population in the Labor Force"
"geoId/02110","","Juneau City and Borough","Count_Person_InLaborForce","2014-08","BLS_LAUS","https://www.bls.gov/lau/","","","",18035,"Population in the Labor Force"
"geoId/02110","","Juneau City and Borough","Count_Person_InLaborForce","2014-09","BLS_LAUS","https://www.bls.gov/lau/","","","",17651,"Population in the Labor Force"
"geoId/02110","","Juneau City and Borough","Count_Person_InLaborForce","2014-10","BLS_LAUS","https://www.bls.gov/lau/","","","",17099,"Population in the Labor Force"
"geoId/02110","","Juneau City and Borough","Count_Person_InLaborForce","2014-11","BLS_LAUS","https://www.bls.gov/lau/","","","",17044,"Population in the Labor Force"
"geoId/02110","","Juneau City and Borough","Count_Person_InLaborForce","2014-12","BLS_LAUS","https://www.bls.gov/lau/","","","",17018,"Population in the Labor Force"
"geoId/02110","","Juneau City and Borough","Count_Person_InLaborForce","2015-01","BLS_LAUS","https://www.bls.gov/lau/","","","",16903,"Population in the Labor Force"
"geoId/02110","","Juneau City and Borough","Count_Person_InLaborForce","2015-02","BLS_LAUS","https://www.bls.gov/lau/","","","",16854,"Population in the Labor Force"
"geoId/02110","","Juneau City and Borough","Count_Person_InLaborForce","2015-03","BLS_LAUS","https://www.bls.gov/lau/","","","",16831,"Population in the Labor Force"
"geoId/02110","","Juneau City and Borough","Count_Person_InLaborForce","2015-04","BLS_LAUS","https://www.bls.gov/lau/","","","",17002,"Population in the Labor Force"
"geoId/02110","","Juneau City and Borough","Count_Person_InLaborForce","2015-05","BLS_LAUS","https://www.bls.gov/lau/","","","",17677,"Population in the Labor Force"
"geoId/02110","","Juneau City and Borough","Count_Person_InLaborForce","2015-06","BLS_LAUS","https://www.bls.gov/lau/","","","",17505,"Population in the Labor Force"
"geoId/02110","","Juneau City and Borough","Count_Person_InLaborForce","2015-07","BLS_LAUS","https://www.bls.gov/lau/","","","",17534,"Population in the Labor Force"
"geoId/02110","","Juneau City and Borough","Count_Person_InLaborForce","2015-08","BLS_LAUS","https://www.bls.gov/lau/","","","",17615,"Population in the Labor Force"
"geoId/02110","","Juneau City and Borough","Count_Person_InLaborForce","2015-09","BLS_LAUS","https://www.bls.gov/lau/","","","",17247,"Population in the Labor Force"
"geoId/02110","","Juneau City and Borough","Count_Person_InLaborForce","2015-10","BLS_LAUS","https://www.bls.gov/lau/","","","",16494,"Population in the Labor Force"
"geoId/02110","","Juneau City and Borough","Count_Person_InLaborForce","2015-11","BLS_LAUS","https://www.bls.gov/lau/","","","",16557,"Population in the Labor Force"
"geoId/02110","","Juneau City and Borough","Count_Person_InLaborForce","2015-12","BLS_LAUS","https://www.bls.gov/lau/","","","",16510,"Population in the Labor Force"
"geoId/02110","","Juneau City and Borough","Count_Person_InLaborForce","2016-01","BLS_LAUS","https://www.bls.gov/lau/","","","",16782,"Population in the Labor Force"
"geoId/02110","","Juneau City and Borough","Count_Person_InLaborForce","2016-02","BLS_LAUS","https://www.bls.gov/lau/","","","",16822,"Population in the Labor Force"
"geoId/02110","","Juneau City and Borough","Count_Person_InLaborForce","2016-03","BLS_LAUS","https://www.bls.gov/lau/","","","",16956,"Population in the Labor Force"
"geoId/02110","","Juneau City and Borough","Count_Person_InLaborForce","2016-04","BLS_LAUS","https://www.bls.gov/lau/","","","",17242,"Population in the Labor Force"
"geoId/02110","","Juneau City and Borough","Count_Person_InLaborForce","2016-05","BLS_LAUS","https://www.bls.gov/lau/","","","",17930,"Population in the Labor Force"
"geoId/02110","","Juneau City and Borough","Count_Person_InLaborForce","2016-06","BLS_LAUS","https://www.bls.gov/lau/","","","",17826,"Population in the Labor Force"
"geoId/02110","","Juneau City and Borough","Count_Person_InLaborForce","2016-07","BLS_LAUS","https://www.bls.gov/lau/","","","",17930,"Population in the Labor Force"
"geoId/02110","","Juneau City and Borough","Count_Person_InLaborForce","2016-08","BLS_LAUS","https://www.bls.gov/lau/","","","",18115,"Population in the Labor Force"
"geoId/02110","","Juneau City and Borough","Count_Person_InLaborForce","2016-09","BLS_LAUS","https://www.bls.gov/lau/","","","",17657,"Population in the Labor Force"
"geoId/02110","","Juneau City and Borough","Count_Person_InLaborForce","2016-10","BLS_LAUS","https://www.bls.gov/lau/","","","",17114,"Population in the Labor Force"
"geoId/02110","","Juneau City and Borough","Count_Person_InLaborForce","2016-11","BLS_LAUS","https://www.bls.gov/lau/","","","",16920,"Population in the Labor Force"
"geoId/02110","","Juneau City and Borough","Count_Person_InLaborForce","2016-12","BLS_LAUS","https://www.bls.gov/lau/","","","",16824,"Population in the Labor Force"
"geoId/02110","","Juneau City and Borough","Count_Person_InLaborForce","2017-01","BLS_LAUS","https://www.bls.gov/lau/","","","",16836,"Population in the Labor Force"
"geoId/02110","","Juneau City and Borough","Count_Person_InLaborForce","2017-02","BLS_LAUS","https://www.bls.gov/lau/","","","",16878,"Population in the Labor Force"
"geoId/02110","","Juneau City and Borough","Count_Person_InLaborForce","2017-03","BLS_LAUS","https://www.bls.gov/lau/","","","",16847,"Population in the Labor Force"
"geoId/02110","","Juneau City and Borough","Count_Person_InLaborForce","2017-04","BLS_LAUS","https://www.bls.gov/lau/","","","",17165,"Population in the Labor Force"
"geoId/02110","","Juneau City and Borough","Count_Person_InLaborForce","2017-05","BLS_LAUS","https://www.bls.gov/lau/","","","",18040,"Population in the Labor Force"
"geoId/02110","","Juneau City and Borough","Count_Person_InLaborForce","2017-06","BLS_LAUS","https://www.bls.gov/lau/","","","",17661,"Population in the Labor Force"
"geoId/02110","","Juneau City and Borough","Count_Person_InLaborForce","2017-07","BLS_LAUS","https://www.bls.gov/lau/","","","",17877,"Population in the Labor Force"
"geoId/02110","","Juneau City and Borough","Count_Person_InLaborForce","2017-08","BLS_LAUS","https://www.bls.gov/lau/","","","",17997,"Population in the Labor Force"
"geoId/02110","","Juneau City and Borough","Count_Person_InLaborForce","2017-09","BLS_LAUS","https://www.bls.gov/lau/","","","",17613,"Population in the Labor Force"
"geoId/02110","","Juneau City and Borough","Count_Person_InLaborForce","2017-10","BLS_LAUS","https://www.bls.gov/lau/","","","",17027,"Population in the Labor Force"
"geoId/02110","","Juneau City and Borough","Count_Person_InLaborForce","2017-11","BLS_LAUS","https://www.bls.gov/lau/","","","",16902,"Population in the Labor Force"
"geoId/02110","","Juneau City and Borough","Count_Person_InLaborForce","2017-12","BLS_LAUS","https://www.bls.gov/lau/","","","",16665,"Population in the Labor Force"
"geoId/02110","","Juneau City and Borough","Count_Person_InLaborForce","2018-01","BLS_LAUS","https://www.bls.gov/lau/","","","",16693,"Population in the Labor Force"
"geoId/02110","","Juneau City and Borough","Count_Person_InLaborForce","2018-02","BLS_LAUS","https://www.bls.gov/lau/","","","",16688,"Population in the Labor Force"
"geoId/02110","","Juneau City and Borough","Count_Person_InLaborForce","2018-03","BLS_LAUS","https://www.bls.gov/lau/","","","",16735,"Population in the Labor Force"
"geoId/02110","","Juneau City and Borough","Count_Person_InLaborForce","2018-04","BLS_LAUS","https://www.bls.gov/lau/","","","",16930,"Population in the Labor Force"
"geoId/02110","","Juneau City and Borough","Count_Person_InLaborForce","2018-05","BLS_LAUS","https://www.bls.gov/lau/","","","",17852,"Population in the Labor Force"
"geoId/02110","","Juneau City and Borough","Count_Person_InLaborForce","2018-06","BLS_LAUS","https://www.bls.gov/lau/","","","",17755,"Population in the Labor Force"
"geoId/02110","","Juneau City and Borough","Count_Person_InLaborForce","2018-07","BLS_LAUS","https://www.bls.gov/lau/","","","",18077,"Population in the Labor Force"
"geoId/02110","","Juneau City and Borough","Count_Person_InLaborForce","2018-08","BLS_LAUS","https://www.bls.gov/lau/","","","",17898,"Population in the Labor Force"
"geoId/02110","","Juneau City and Borough","Count_Person_InLaborForce","2018-09","BLS_LAUS","https://www.bls.gov/lau/","","","",17540,"Population in the Labor Force"
"geoId/02110","","Juneau City and Borough","Count_Person_InLaborForce","2018-10","BLS_LAUS","https://www.bls.gov/lau/","","","",17094,"Population in the Labor Force"
"geoId/02110","","Juneau City and Borough","Count_Person_InLaborForce","2018-11","BLS_LAUS","https://www.bls.gov/lau/","","","",16751,"Population in the Labor Force"
"geoId/02110","","Juneau City and Borough","Count_Person_InLaborForce","2018-12","BLS_LAUS","https://www.bls.gov/lau/","","","",16465,"Population in the Labor Force"
"geoId/02110","","Juneau City and Borough","Count_Person_InLaborForce","2019-01","BLS_LAUS","https://www.bls.gov/lau/","","","",16559,"Population in the Labor Force"
"geoId/02110","","Juneau City and Borough","Count_Person_InLaborForce","2019-02","BLS_LAUS","https://www.bls.gov/lau/","","","",16692,"Population in the Labor Force"
"geoId/02110","","Juneau City and Borough","Count_Person_InLaborForce","2019-03","BLS_LAUS","https://www.bls.gov/lau/","","","",16747,"Population in the Labor Force"
"geoId/02110","","Juneau City and Borough","Count_Person_InLaborForce","2019-04","BLS_LAUS","https://www.bls.gov/lau/","","","",16827,"Population in the Labor Force"
"geoId/02110","","Juneau City and Borough","Count_Person_InLaborForce","2019-05","BLS_LAUS","https://www.bls.gov/lau/","","","",17896,"Population in the Labor Force"
"geoId/02110","","Juneau City and Borough","Count_Person_InLaborForce","2019-06","BLS_LAUS","https://www.bls.gov/lau/","","","",17818,"Population in the Labor Force"
"geoId/02110","","Juneau City and Borough","Count_Person_InLaborForce","2019-07","BLS_LAUS","https://www.bls.gov/lau/","","","",17981,"Population in the Labor Force"
"geoId/02110","","Juneau City and Borough","Count_Person_InLaborForce","2019-08","BLS_LAUS","https://www.bls.gov/lau/","","","",17928,"Population in the Labor Force"
"geoId/02110","","Juneau City and Borough","Count_Person_InLaborForce","2019-09","BLS_LAUS","https://www.bls.gov/lau/","","","",17620,"Population in the Labor Force"
"geoId/02110","","Juneau City and Borough","Count_Person_InLaborForce","2019-10","BLS_LAUS","https://www.bls.gov/lau/","","","",17125,"Population in the Labor Force"
"geoId/02110","","Juneau City and Borough","Count_Person_InLaborForce","2019-11","BLS_LAUS","https://www.bls.gov/lau/","","","",16620,"Population in the Labor Force"
"geoId/02110","","Juneau City and Borough","Count_Person_InLaborForce","2019-12","BLS_LAUS","https://www.bls.gov/lau/","","","",16578,"Population in the Labor Force"
"geoId/02110","","Juneau City and Borough","Count_Person_InLaborForce","2020-01","BLS_LAUS","https://www.bls.gov/lau/","","","",16441,"Population in the Labor Force"
"geoId/02110","","Juneau City and Borough","Count_Person_InLaborForce","2020-02","BLS_LAUS","https://www.bls.gov/lau/","","","",16508,"Population in the Labor Force"
"geoId/02110","","Juneau City and Borough","Count_Person_InLaborForce","2020-03","BLS_LAUS","https://www.bls.gov/lau/","","","",16500,"Population in the Labor Force"
"geoId/02110","","Juneau City and Borough","Count_Person_InLaborForce","2020-04","BLS_LAUS","https://www.bls.gov/lau/","","","",15674,"Population in the Labor Force"
"geoId/02110","","Juneau City and Borough","Count_Person_InLaborForce","2020-05","BLS_LAUS","https://www.bls.gov/lau/","","","",15997,"Population in the Labor Force"
"geoId/02110","","Juneau City and Borough","Count_Person_InLaborForce","2020-06","BLS_LAUS","https://www.bls.gov/lau/","","","",16164,"Population in the Labor Force"
"geoId/02110","","Juneau City and Borough","Count_Person_InLaborForce","2020-07","BLS_LAUS","https://www.bls.gov/lau/","","","",16586,"Population in the Labor Force"
"geoId/02110","","Juneau City and Borough","Count_Person_InLaborForce","2020-08","BLS_LAUS","https://www.bls.gov/lau/","","","",16410,"Population in the Labor Force"
"geoId/02110","","Juneau City and Borough","Count_Person_InLaborForce","2020-09","BLS_LAUS","https://www.bls.gov/lau/","","","",16188,"Population in the Labor Force"
"geoId/02110","","Juneau City and Borough","Count_Person_InLaborForce","2020-10","BLS_LAUS","https://www.bls.gov/lau/","","","",16296,"Population in the Labor Force"
"geoId/02110","","Juneau City and Borough","Count_Person_InLaborForce","2020-11","BLS_LAUS","https://www.bls.gov/lau/","","","",16308,"Population in the Labor Force"
"geoId/02110","","Juneau City and Borough","Count_Person_InLaborForce","2020-12","BLS_LAUS","https://www.bls.gov/lau/","","","",16374,"Population in the Labor Force"
"geoId/02110","","Juneau City and Borough","Count_Person_InLaborForce","2021-01","BLS_LAUS","https://www.bls.gov/lau/","","","",16491,"Population in the Labor Force"
"geoId/02110","","Juneau City and Borough","Count_Person_InLaborForce","2021-02","BLS_LAUS","https://www.bls.gov/lau/","","","",16357,"Population in the Labor Force"
"geoId/02110","","Juneau City and Borough","Count_Person_InLaborForce","2021-03","BLS_LAUS","https://www.bls.gov/lau/","","","",16462,"Population in the Labor Force"
"geoId/02110","","Juneau City and Borough","Count_Person_InLaborForce","2021-04","BLS_LAUS","https://www.bls.gov/lau/","","","",16572,"Population in the Labor Force"
"geoId/02110","","Juneau City and Borough","Count_Person_InLaborForce","2021-05","BLS_LAUS","https://www.bls.gov/lau/","","","",16615,"Population in the Labor Force"
"geoId/02110","","Juneau City and Borough","Count_Person_InLaborForce","2021-06","BLS_LAUS","https://www.bls.gov/lau/","","","",16640,"Population in the Labor Force"
"geoId/02110","","Juneau City and Borough","Count_Person_InLaborForce","2021-07","BLS_LAUS","https://www.bls.gov/lau/","","","",16886,"Population in the Labor Force"
"geoId/02110","","Juneau City and Borough","Count_Person_InLaborForce","2021-08","BLS_LAUS","https://www.bls.gov/lau/","","","",17111,"Population in the Labor Force"
"geoId/02110","","Juneau City and Borough","Count_Person_InLaborForce","2021-09","BLS_LAUS","https://www.bls.gov/lau/","","","",16835,"Population in the Labor Force"
"geoId/02110","","Juneau City and Borough","Count_Person_InLaborForce","2021-10","BLS_LAUS","https://www.bls.gov/lau/","","","",17035,"Population in the Labor Force"
"geoId/02110","","Juneau City and Borough","Count_Person_InLaborForce","2021-11","BLS_LAUS","https://www.bls.gov/lau/","","","",16841,"Population in the Labor Force"
"geoId/02110","","Juneau City and Borough","Count_Person_InLaborForce","2021-12","BLS_LAUS","https://www.bls.gov/lau/","","","",16842,"Population in the Labor Force"
"geoId/02110","","Juneau City and Borough","Count_Person_InLaborForce","2022-01","BLS_LAUS","https://www.bls.gov/lau/","","","",16888,"Population in the Labor Force"
"geoId/02110","","Juneau City and Borough","Count_Person_InLaborForce","2022-02","BLS_LAUS","https://www.bls.gov/lau/","","","",16892,"Population in the Labor Force"
"geoId/02110","","Juneau City and Borough","Count_Person_InLaborForce","2022-03","BLS_LAUS","https://www.bls.gov/lau/","","","",16870,"Population in the Labor Force"
"geoId/02110","","Juneau City and Borough","Count_Person_InLaborForce","2022-04","BLS_LAUS","https://www.bls.gov/lau/","","","",17093,"Population in the Labor Force"
"geoId/02110","","Juneau City and Borough","Count_Person_InLaborForce","2022-05","BLS_LAUS","https://www.bls.gov/lau/","","","",17889,"Population in the Labor Force"
"geoId/02110","","Juneau City and Borough","Count_Person_InLaborForce","2022-06","BLS_LAUS","https://www.bls.gov/lau/","","","",17622,"Population in the Labor Force"
"geoId/02110","","Juneau City and Borough","Count_Person_InLaborForce","2022-07","BLS_LAUS","https://www.bls.gov/lau/","","","",17736,"Population in the Labor Force"
"geoId/02110","","Juneau City and Borough","Count_Person_InLaborForce","2022-08","BLS_LAUS","https://www.bls.gov/lau/","","","",17853,"Population in the Labor Force"
"geoId/02110","","Juneau City and Borough","Count_Person_InLaborForce","2022-09","BLS_LAUS","https://www.bls.gov/lau/","","","",17483,"Population in the Labor Force"
"geoId/02110","","Juneau City and Borough","Count_Person_InLaborForce","2022-10","BLS_LAUS","https://www.bls.gov/lau/","","","",17336,"Population in the Labor Force"
"geoId/02110","","Juneau City and Borough","Count_Person_InLaborForce","2022-11","BLS_LAUS","https://www.bls.gov/lau/","","","",16820,"Population in the Labor Force"
"geoId/02110","","Juneau City and Borough","Count_Person_InLaborForce","2022-12","BLS_LAUS","https://www.bls.gov/lau/","","","",16717,"Population in the Labor Force"
"geoId/02110","","Juneau City and Borough","Count_Person_InLaborForce","2023-01","BLS_LAUS","https://www.bls.gov/lau/","","","",16733,"Population in the Labor Force"
"geoId/02110","","Juneau City and Borough","Count_Person_InLaborForce","2023-02","BLS_LAUS","https://www.bls.gov/lau/","","","",16875,"Population in the Labor Force"
"geoId/02110","","Juneau City and Borough","Count_Person_InLaborForce","2023-03","BLS_LAUS","https://www.bls.gov/lau/","","","",16954,"Population in the Labor Force"
"geoId/02110","","Juneau City and Borough","Count_Person_InLaborForce","2023-04","BLS_LAUS","https://www.bls.gov/lau/","","","",17584,"Population in the Labor Force"
"geoId/02110","","Juneau City and Borough","Count_Person_InLaborForce","2023-05","BLS_LAUS","https://www.bls.gov/lau/","","","",18195,"Population in the Labor Force"
"geoId/02110","","Juneau City and Borough","Count_Person_InLaborForce","2023-06","BLS_LAUS","https://www.bls.gov/lau/","","","",17823,"Population in the Labor Force"
"geoId/02110","","Juneau City and Borough","Count_Person_InLaborForce","2023-07","BLS_LAUS","https://www.bls.gov/lau/","","","",18053,"Population in the Labor Force"
"geoId/02110","","Juneau City and Borough","Count_Person_InLaborForce","2023-08","BLS_LAUS","https://www.bls.gov/lau/","","","",17958,"Population in the Labor Force"
"geoId/02110","","Juneau City and Borough","Count_Person_InLaborForce","2023-09","BLS_LAUS","https://www.bls.gov/lau/","","","",17710,"Population in the Labor Force"
"geoId/02110","","Juneau City and Borough","Count_Person_InLaborForce","2023-10","BLS_LAUS","https://www.bls.gov/lau/","","","",17675,"Population in the Labor Force"
"geoId/02110","","Juneau City and Borough","Count_Person_InLaborForce","2023-11","BLS_LAUS","https://www.bls.gov/lau/","","","",17266,"Population in the Labor Force"
"geoId/02110","","Juneau City and Borough","Count_Person_InLaborForce","2023-12","BLS_LAUS","https://www.bls.gov/lau/","","","",16826,"Population in the Labor Force"
"geoId/02110","","Juneau City and Borough","Count_Person_InLaborForce","2024-01","BLS_LAUS","https://www.bls.gov/lau/","","","",16693,"Population in the Labor Force"
"geoId/02110","","Juneau City and Borough","Count_Person_InLaborForce","2024-02","BLS_LAUS","https://www.bls.gov/lau/","","","",16630,"Population in the Labor Force"
"geoId/02110","","Juneau City and Borough","Count_Person_InLaborForce","2024-03","BLS_LAUS","https://www.bls.gov/lau/","","","",16744,"Population in the Labor Force"
"geoId/02110","","Juneau City and Borough","Count_Person_InLaborForce","2024-04","BLS_LAUS","https://www.bls.gov/lau/","","","",17043,"Population in the Labor Force"
"geoId/02110","","Juneau City and Borough","Count_Person_InLaborForce","2024-05","BLS_LAUS","https://www.bls.gov/lau/","","","",17848,"Population in the Labor Force"
"geoId/02110","","Juneau City and Borough","Count_Person_InLaborForce","2024-06","BLS_LAUS","https://www.bls.gov/lau/","","","",17272,"Population in the Labor Force"
"geoId/02110","","Juneau City and Borough","Count_Person_InLaborForce","2024-07","BLS_LAUS","https://www.bls.gov/lau/","","","",17542,"Population in the Labor Force"
"geoId/02110","","Juneau City and Borough","Count_Person_InLaborForce","2024-08","BLS_LAUS","https://www.bls.gov/lau/","","","",17633,"Population in the Labor Force"
"geoId/02110","","Juneau City and Borough","Count_Person_InLaborForce","2024-09","BLS_LAUS","https://www.bls.gov/lau/","","","",17343,"Population in the Labor Force"
"geoId/02110","","Juneau City and Borough","Count_Person_InLaborForce","2024-10","BLS_LAUS","https://www.bls.gov/lau/","","","",17025,"Population in the Labor Force"
"geoId/02110","","Juneau City and Borough","Count_Person_InLaborForce","2024-11","BLS_LAUS","https://www.bls.gov/lau/","","","",16650,"Population in the Labor Force"